event_id,user_id,session_id,timestamp,event_name,product,price
1,U00001,S147726,2024-01-18 09:44:00,view,Headphones,64840
2,U00001,S701949,2024-05-16 15:28:00,view,Monitor,24664
3,U00001,S701949,2024-05-16 15:29:00,add_to_cart,Monitor,24664
4,U00001,S701949,2024-05-16 15:33:00,checkout,Monitor,24664
5,U00001,S701949,2024-05-16 15:34:00,purchase,Monitor,24664
6,U00002,S760021,2024-11-02 04:09:00,view,Mouse,11664
7,U00002,S760021,2024-11-02 04:11:00,add_to_cart,Mouse,11664
8,U00002,S760021,2024-11-02 04:15:00,checkout,Mouse,11664
9,U00002,S760021,2024-11-02 04:20:00,purchase,Mouse,11664
10,U00002,S498855,2024-08-15 09:55:00,view,Camera,40526
11,U00002,S498855,2024-08-15 10:00:00,add_to_cart,Camera,40526
12,U00002,S204053,2024-04-21 06:16:00,view,Phone,21085
13,U00002,S204053,2024-04-21 06:18:00,add_to_cart,Phone,21085
14,U00002,S204053,2024-04-21 06:19:00,checkout,Phone,21085
15,U00002,S204053,2024-04-21 06:23:00,purchase,Phone,21085
16,U00003,S405407,2024-01-08 09:45:00,view,Mouse,60010
17,U00003,S405407,2024-01-08 09:46:00,add_to_cart,Mouse,60010
18,U00003,S405407,2024-01-08 09:49:00,checkout,Mouse,60010
19,U00003,S405407,2024-01-08 09:54:00,purchase,Mouse,60010
20,U00003,S545790,2024-02-18 07:41:00,view,Headphones,35316
21,U00003,S545790,2024-02-18 07:43:00,add_to_cart,Headphones,35316
22,U00003,S545790,2024-02-18 07:45:00,checkout,Headphones,35316
23,U00003,S545790,2024-02-18 07:50:00,purchase,Headphones,35316
24,U00004,S560485,2024-02-15 22:19:00,view,Camera,36183
25,U00004,S560485,2024-02-15 22:24:00,add_to_cart,Camera,36183
26,U00004,S560485,2024-02-15 22:28:00,checkout,Camera,36183
27,U00004,S870214,2024-06-20 08:01:00,view,Phone,30505
28,U00004,S870214,2024-06-20 08:06:00,add_to_cart,Phone,30505
29,U00005,S961322,2024-05-19 01:48:00,view,Headphones,62169
30,U00005,S961322,2024-05-19 01:53:00,add_to_cart,Headphones,62169
31,U00005,S961322,2024-05-19 01:56:00,checkout,Headphones,62169
32,U00005,S961322,2024-05-19 02:01:00,purchase,Headphones,62169
33,U00005,S195674,2024-08-12 13:21:00,view,Monitor,14210
34,U00005,S195674,2024-08-12 13:23:00,add_to_cart,Monitor,14210
35,U00005,S195674,2024-08-12 13:27:00,checkout,Monitor,14210
36,U00005,S195674,2024-08-12 13:31:00,purchase,Monitor,14210
37,U00005,S138479,2024-08-03 10:16:00,view,Monitor,15694
38,U00006,S789606,2024-09-15 13:03:00,view,Keyboard,68452
39,U00006,S789606,2024-09-15 13:06:00,add_to_cart,Keyboard,68452
40,U00006,S789606,2024-09-15 13:10:00,checkout,Keyboard,68452
41,U00006,S789606,2024-09-15 13:11:00,purchase,Keyboard,68452
42,U00007,S402020,2024-08-23 15:07:00,view,Laptop,31865
43,U00007,S402020,2024-08-23 15:09:00,add_to_cart,Laptop,31865
44,U00007,S402020,2024-08-23 15:10:00,checkout,Laptop,31865
45,U00007,S402020,2024-08-23 15:11:00,purchase,Laptop,31865
46,U00008,S223172,2024-11-27 04:31:00,view,Mouse,67198
47,U00008,S223172,2024-11-27 04:34:00,add_to_cart,Mouse,67198
48,U00008,S355570,2024-08-18 04:24:00,view,Keyboard,79061
49,U00008,S355570,2024-08-18 04:29:00,add_to_cart,Keyboard,79061
50,U00009,S910208,2024-07-11 16:17:00,view,Laptop,37572
51,U00009,S708093,2024-11-16 04:28:00,view,Smart Watch,45736
52,U00009,S708093,2024-11-16 04:31:00,add_to_cart,Smart Watch,45736
53,U00009,S708093,2024-11-16 04:36:00,checkout,Smart Watch,45736
54,U00010,S350405,2024-10-13 07:54:00,view,Camera,6220
55,U00010,S350405,2024-10-13 07:57:00,add_to_cart,Camera,6220
56,U00010,S350405,2024-10-13 08:01:00,checkout,Camera,6220
57,U00010,S350405,2024-10-13 08:03:00,purchase,Camera,6220
58,U00010,S232378,2024-09-19 10:55:00,view,Phone,58211
59,U00010,S232378,2024-09-19 10:56:00,add_to_cart,Phone,58211
60,U00010,S232378,2024-09-19 11:00:00,checkout,Phone,58211
61,U00010,S232378,2024-09-19 11:02:00,purchase,Phone,58211
62,U00010,S178463,2024-08-26 08:21:00,view,Camera,11027
63,U00011,S498468,2024-06-21 22:56:00,view,Smart Watch,71412
64,U00011,S498468,2024-06-21 22:57:00,add_to_cart,Smart Watch,71412
65,U00011,S498468,2024-06-21 22:59:00,checkout,Smart Watch,71412
66,U00011,S883041,2024-02-14 03:48:00,view,Phone,58653
67,U00011,S883041,2024-02-14 03:50:00,add_to_cart,Phone,58653
68,U00011,S883041,2024-02-14 03:51:00,checkout,Phone,58653
69,U00011,S883041,2024-02-14 03:52:00,purchase,Phone,58653
70,U00011,S551607,2024-03-08 16:26:00,view,Headphones,22780
71,U00011,S551607,2024-03-08 16:28:00,add_to_cart,Headphones,22780
72,U00011,S551607,2024-03-08 16:32:00,checkout,Headphones,22780
73,U00011,S551607,2024-03-08 16:34:00,purchase,Headphones,22780
74,U00012,S343467,2024-08-21 08:29:00,view,Mouse,1731
75,U00013,S673149,2024-03-03 14:22:00,view,Mouse,56115
76,U00013,S673149,2024-03-03 14:25:00,add_to_cart,Mouse,56115
77,U00013,S673149,2024-03-03 14:28:00,checkout,Mouse,56115
78,U00013,S211834,2024-04-13 18:22:00,view,Mouse,39196
79,U00013,S790203,2024-07-09 00:36:00,view,Laptop,79982
80,U00014,S913423,2024-04-20 11:14:00,view,Keyboard,33350
81,U00014,S913423,2024-04-20 11:16:00,add_to_cart,Keyboard,33350
82,U00014,S913423,2024-04-20 11:17:00,checkout,Keyboard,33350
83,U00014,S913423,2024-04-20 11:21:00,purchase,Keyboard,33350
84,U00014,S867934,2024-03-03 09:20:00,view,Camera,23521
85,U00014,S867934,2024-03-03 09:22:00,add_to_cart,Camera,23521
86,U00015,S656639,2024-09-09 05:16:00,view,Smart Watch,39184
87,U00015,S591081,2024-02-05 07:55:00,view,Camera,73548
88,U00015,S591081,2024-02-05 07:58:00,add_to_cart,Camera,73548
89,U00015,S591081,2024-02-05 08:02:00,checkout,Camera,73548
90,U00015,S591081,2024-02-05 08:07:00,purchase,Camera,73548
91,U00016,S885395,2024-11-09 18:24:00,view,Monitor,14701
92,U00016,S885395,2024-11-09 18:26:00,add_to_cart,Monitor,14701
93,U00016,S688678,2024-06-20 07:41:00,view,Phone,61352
94,U00016,S688678,2024-06-20 07:44:00,add_to_cart,Phone,61352
95,U00016,S688678,2024-06-20 07:45:00,checkout,Phone,61352
96,U00016,S688678,2024-06-20 07:46:00,purchase,Phone,61352
97,U00016,S221761,2024-02-08 17:08:00,view,Camera,59959
98,U00016,S221761,2024-02-08 17:11:00,add_to_cart,Camera,59959
99,U00016,S221761,2024-02-08 17:16:00,checkout,Camera,59959
100,U00017,S203831,2024-08-20 13:17:00,view,Laptop,49066
101,U00017,S203831,2024-08-20 13:19:00,add_to_cart,Laptop,49066
102,U00017,S204180,2024-11-12 17:57:00,view,Monitor,8436
103,U00017,S204180,2024-11-12 18:01:00,add_to_cart,Monitor,8436
104,U00017,S964226,2024-08-03 21:13:00,view,Laptop,7129
105,U00017,S964226,2024-08-03 21:16:00,add_to_cart,Laptop,7129
106,U00017,S964226,2024-08-03 21:18:00,checkout,Laptop,7129
107,U00017,S964226,2024-08-03 21:20:00,purchase,Laptop,7129
108,U00018,S714867,2024-04-27 07:21:00,view,Headphones,78616
109,U00018,S714867,2024-04-27 07:22:00,add_to_cart,Headphones,78616
110,U00019,S362829,2024-03-04 21:55:00,view,Laptop,17775
111,U00019,S362829,2024-03-04 21:56:00,add_to_cart,Laptop,17775
112,U00019,S362829,2024-03-04 21:58:00,checkout,Laptop,17775
113,U00019,S362829,2024-03-04 21:59:00,purchase,Laptop,17775
114,U00019,S232915,2024-12-14 16:07:00,view,Phone,62922
115,U00019,S638169,2024-10-04 14:32:00,view,Keyboard,6183
116,U00019,S638169,2024-10-04 14:37:00,add_to_cart,Keyboard,6183
117,U00019,S638169,2024-10-04 14:38:00,checkout,Keyboard,6183
118,U00019,S638169,2024-10-04 14:42:00,purchase,Keyboard,6183
119,U00020,S213206,2024-08-23 14:04:00,view,Phone,42719
120,U00020,S213206,2024-08-23 14:09:00,add_to_cart,Phone,42719
121,U00020,S213206,2024-08-23 14:11:00,checkout,Phone,42719
122,U00020,S213206,2024-08-23 14:16:00,purchase,Phone,42719
123,U00020,S499407,2024-10-17 09:29:00,view,Camera,13499
124,U00020,S782535,2024-09-24 06:27:00,view,Smart Watch,30449
125,U00020,S782535,2024-09-24 06:31:00,add_to_cart,Smart Watch,30449
126,U00020,S782535,2024-09-24 06:35:00,checkout,Smart Watch,30449
127,U00020,S782535,2024-09-24 06:36:00,purchase,Smart Watch,30449
128,U00021,S367271,2024-06-05 21:59:00,view,Smart Watch,9299
129,U00021,S197758,2024-07-04 23:47:00,view,Monitor,17554
130,U00021,S197758,2024-07-04 23:52:00,add_to_cart,Monitor,17554
131,U00021,S197758,2024-07-04 23:57:00,checkout,Monitor,17554
132,U00021,S197758,2024-07-04 23:58:00,purchase,Monitor,17554
133,U00021,S856086,2024-01-10 19:19:00,view,Monitor,14079
134,U00021,S856086,2024-01-10 19:24:00,add_to_cart,Monitor,14079
135,U00021,S856086,2024-01-10 19:26:00,checkout,Monitor,14079
136,U00021,S856086,2024-01-10 19:28:00,purchase,Monitor,14079
137,U00022,S485415,2024-02-25 08:36:00,view,Keyboard,56744
138,U00022,S958182,2024-10-20 21:41:00,view,Laptop,35554
139,U00022,S958182,2024-10-20 21:42:00,add_to_cart,Laptop,35554
140,U00022,S468074,2024-01-06 04:36:00,view,Camera,9620
141,U00022,S468074,2024-01-06 04:38:00,add_to_cart,Camera,9620
142,U00022,S468074,2024-01-06 04:39:00,checkout,Camera,9620
143,U00022,S468074,2024-01-06 04:44:00,purchase,Camera,9620
144,U00023,S457455,2024-03-12 09:46:00,view,Monitor,74895
145,U00023,S457455,2024-03-12 09:51:00,add_to_cart,Monitor,74895
146,U00023,S457455,2024-03-12 09:52:00,checkout,Monitor,74895
147,U00023,S457455,2024-03-12 09:57:00,purchase,Monitor,74895
148,U00023,S385320,2024-08-22 13:31:00,view,Smart Watch,54787
149,U00023,S385320,2024-08-22 13:34:00,add_to_cart,Smart Watch,54787
150,U00023,S385320,2024-08-22 13:39:00,checkout,Smart Watch,54787
151,U00023,S385320,2024-08-22 13:43:00,purchase,Smart Watch,54787
152,U00024,S652530,2024-11-10 01:14:00,view,Camera,79054
153,U00024,S652530,2024-11-10 01:15:00,add_to_cart,Camera,79054
154,U00024,S904624,2024-03-25 08:18:00,view,Monitor,16226
155,U00024,S904624,2024-03-25 08:19:00,add_to_cart,Monitor,16226
156,U00024,S904624,2024-03-25 08:23:00,checkout,Monitor,16226
157,U00024,S904624,2024-03-25 08:27:00,purchase,Monitor,16226
158,U00025,S685864,2024-11-26 11:04:00,view,Camera,6044
159,U00025,S685864,2024-11-26 11:08:00,add_to_cart,Camera,6044
160,U00025,S703727,2024-07-19 12:45:00,view,Camera,38447
161,U00025,S703727,2024-07-19 12:46:00,add_to_cart,Camera,38447
162,U00025,S703727,2024-07-19 12:49:00,checkout,Camera,38447
163,U00025,S703727,2024-07-19 12:54:00,purchase,Camera,38447
164,U00025,S192410,2024-07-28 03:15:00,view,Camera,77684
165,U00025,S192410,2024-07-28 03:19:00,add_to_cart,Camera,77684
166,U00026,S456005,2024-04-11 05:04:00,view,Phone,70047
167,U00026,S456005,2024-04-11 05:09:00,add_to_cart,Phone,70047
168,U00026,S456005,2024-04-11 05:12:00,checkout,Phone,70047
169,U00026,S456005,2024-04-11 05:14:00,purchase,Phone,70047
170,U00026,S368402,2024-04-06 19:09:00,view,Phone,23718
171,U00026,S368402,2024-04-06 19:13:00,add_to_cart,Phone,23718
172,U00026,S368402,2024-04-06 19:18:00,checkout,Phone,23718
173,U00026,S368402,2024-04-06 19:22:00,purchase,Phone,23718
174,U00026,S774225,2024-11-20 10:55:00,view,Monitor,20286
175,U00026,S774225,2024-11-20 10:59:00,add_to_cart,Monitor,20286
176,U00026,S774225,2024-11-20 11:03:00,checkout,Monitor,20286
177,U00026,S774225,2024-11-20 11:06:00,purchase,Monitor,20286
178,U00027,S177794,2024-05-15 14:02:00,view,Laptop,48831
179,U00027,S177794,2024-05-15 14:05:00,add_to_cart,Laptop,48831
180,U00027,S177794,2024-05-15 14:06:00,checkout,Laptop,48831
181,U00027,S177794,2024-05-15 14:11:00,purchase,Laptop,48831
182,U00027,S681242,2024-12-02 14:58:00,view,Keyboard,42643
183,U00027,S681242,2024-12-02 15:03:00,add_to_cart,Keyboard,42643
184,U00027,S572407,2024-02-26 10:45:00,view,Phone,66632
185,U00027,S572407,2024-02-26 10:47:00,add_to_cart,Phone,66632
186,U00028,S648141,2024-10-06 11:23:00,view,Mouse,51279
187,U00028,S811875,2024-10-02 20:41:00,view,Monitor,9139
188,U00028,S811875,2024-10-02 20:44:00,add_to_cart,Monitor,9139
189,U00028,S811875,2024-10-02 20:48:00,checkout,Monitor,9139
190,U00028,S449555,2024-02-19 21:09:00,view,Monitor,41162
191,U00028,S449555,2024-02-19 21:13:00,add_to_cart,Monitor,41162
192,U00028,S449555,2024-02-19 21:14:00,checkout,Monitor,41162
193,U00028,S449555,2024-02-19 21:18:00,purchase,Monitor,41162
194,U00029,S802667,2024-12-27 23:43:00,view,Phone,55996
195,U00029,S802667,2024-12-27 23:48:00,add_to_cart,Phone,55996
196,U00029,S802667,2024-12-27 23:51:00,checkout,Phone,55996
197,U00029,S802667,2024-12-27 23:53:00,purchase,Phone,55996
198,U00030,S337547,2024-03-05 02:18:00,view,Phone,67043
199,U00031,S139581,2024-11-11 19:08:00,view,Camera,20718
200,U00031,S139581,2024-11-11 19:10:00,add_to_cart,Camera,20718
201,U00031,S273580,2024-12-15 01:26:00,view,Monitor,31633
202,U00031,S273580,2024-12-15 01:30:00,add_to_cart,Monitor,31633
203,U00031,S273580,2024-12-15 01:34:00,checkout,Monitor,31633
204,U00031,S273580,2024-12-15 01:36:00,purchase,Monitor,31633
205,U00031,S975679,2024-04-12 21:36:00,view,Smart Watch,61013
206,U00032,S653081,2024-07-06 06:51:00,view,Headphones,33268
207,U00032,S653081,2024-07-06 06:52:00,add_to_cart,Headphones,33268
208,U00032,S653081,2024-07-06 06:55:00,checkout,Headphones,33268
209,U00032,S653081,2024-07-06 06:56:00,purchase,Headphones,33268
210,U00032,S992512,2024-02-10 02:48:00,view,Headphones,36255
211,U00032,S254506,2024-07-03 07:52:00,view,Smart Watch,46320
212,U00032,S254506,2024-07-03 07:53:00,add_to_cart,Smart Watch,46320
213,U00032,S254506,2024-07-03 07:57:00,checkout,Smart Watch,46320
214,U00032,S254506,2024-07-03 07:59:00,purchase,Smart Watch,46320
215,U00033,S335445,2024-01-11 03:53:00,view,Monitor,19642
216,U00033,S335445,2024-01-11 03:55:00,add_to_cart,Monitor,19642
217,U00033,S335445,2024-01-11 03:59:00,checkout,Monitor,19642
218,U00033,S335445,2024-01-11 04:01:00,purchase,Monitor,19642
219,U00033,S570392,2024-10-01 02:01:00,view,Mouse,28766
220,U00033,S570392,2024-10-01 02:03:00,add_to_cart,Mouse,28766
221,U00033,S570392,2024-10-01 02:08:00,checkout,Mouse,28766
222,U00033,S570392,2024-10-01 02:09:00,purchase,Mouse,28766
223,U00034,S227767,2024-01-08 13:40:00,view,Smart Watch,8732
224,U00034,S624108,2024-10-18 00:40:00,view,Keyboard,19318
225,U00034,S624108,2024-10-18 00:43:00,add_to_cart,Keyboard,19318
226,U00034,S624108,2024-10-18 00:48:00,checkout,Keyboard,19318
227,U00034,S624108,2024-10-18 00:53:00,purchase,Keyboard,19318
228,U00035,S478120,2024-02-17 17:32:00,view,Laptop,51677
229,U00035,S478120,2024-02-17 17:36:00,add_to_cart,Laptop,51677
230,U00035,S365971,2024-12-01 11:50:00,view,Phone,45693
231,U00035,S365971,2024-12-01 11:52:00,add_to_cart,Phone,45693
232,U00035,S365971,2024-12-01 11:53:00,checkout,Phone,45693
233,U00035,S365971,2024-12-01 11:56:00,purchase,Phone,45693
234,U00035,S672536,2024-06-27 20:11:00,view,Smart Watch,63222
235,U00036,S850827,2024-08-02 09:12:00,view,Laptop,26644
236,U00036,S850827,2024-08-02 09:13:00,add_to_cart,Laptop,26644
237,U00036,S850827,2024-08-02 09:16:00,checkout,Laptop,26644
238,U00036,S850827,2024-08-02 09:21:00,purchase,Laptop,26644
239,U00037,S300386,2024-05-12 01:55:00,view,Monitor,36311
240,U00037,S558176,2024-07-24 14:57:00,view,Camera,44938
241,U00037,S558176,2024-07-24 14:59:00,add_to_cart,Camera,44938
242,U00037,S558176,2024-07-24 15:03:00,checkout,Camera,44938
243,U00037,S558176,2024-07-24 15:08:00,purchase,Camera,44938
244,U00037,S862400,2024-07-03 13:38:00,view,Headphones,71996
245,U00037,S862400,2024-07-03 13:41:00,add_to_cart,Headphones,71996
246,U00037,S862400,2024-07-03 13:42:00,checkout,Headphones,71996
247,U00037,S862400,2024-07-03 13:45:00,purchase,Headphones,71996
248,U00038,S546815,2024-03-23 14:22:00,view,Smart Watch,6051
249,U00038,S546815,2024-03-23 14:25:00,add_to_cart,Smart Watch,6051
250,U00038,S546815,2024-03-23 14:29:00,checkout,Smart Watch,6051
251,U00038,S546815,2024-03-23 14:30:00,purchase,Smart Watch,6051
252,U00038,S480959,2024-09-26 23:43:00,view,Headphones,4581
253,U00038,S811027,2024-08-02 04:04:00,view,Keyboard,48515
254,U00038,S811027,2024-08-02 04:07:00,add_to_cart,Keyboard,48515
255,U00038,S811027,2024-08-02 04:12:00,checkout,Keyboard,48515
256,U00038,S811027,2024-08-02 04:14:00,purchase,Keyboard,48515
257,U00039,S565504,2024-02-19 04:33:00,view,Monitor,52671
258,U00039,S565504,2024-02-19 04:36:00,add_to_cart,Monitor,52671
259,U00039,S127172,2024-12-06 15:33:00,view,Camera,74119
260,U00039,S127172,2024-12-06 15:34:00,add_to_cart,Camera,74119
261,U00039,S127172,2024-12-06 15:37:00,checkout,Camera,74119
262,U00040,S827691,2024-08-07 03:08:00,view,Phone,59750
263,U00040,S566732,2024-02-26 21:54:00,view,Monitor,46037
264,U00040,S566732,2024-02-26 21:55:00,add_to_cart,Monitor,46037
265,U00041,S846385,2024-12-23 20:11:00,view,Monitor,67183
266,U00041,S846385,2024-12-23 20:13:00,add_to_cart,Monitor,67183
267,U00041,S846385,2024-12-23 20:15:00,checkout,Monitor,67183
268,U00041,S846385,2024-12-23 20:17:00,purchase,Monitor,67183
269,U00042,S680933,2024-10-12 14:51:00,view,Headphones,11800
270,U00042,S680933,2024-10-12 14:52:00,add_to_cart,Headphones,11800
271,U00042,S680933,2024-10-12 14:56:00,checkout,Headphones,11800
272,U00042,S680933,2024-10-12 15:00:00,purchase,Headphones,11800
273,U00042,S231414,2024-06-21 02:28:00,view,Smart Watch,68311
274,U00042,S231414,2024-06-21 02:31:00,add_to_cart,Smart Watch,68311
275,U00042,S231414,2024-06-21 02:36:00,checkout,Smart Watch,68311
276,U00042,S231414,2024-06-21 02:38:00,purchase,Smart Watch,68311
277,U00043,S627290,2024-01-27 03:33:00,view,Headphones,40362
278,U00043,S627290,2024-01-27 03:35:00,add_to_cart,Headphones,40362
279,U00043,S627290,2024-01-27 03:37:00,checkout,Headphones,40362
280,U00043,S987025,2024-02-09 06:40:00,view,Mouse,16906
281,U00043,S987025,2024-02-09 06:43:00,add_to_cart,Mouse,16906
282,U00043,S987025,2024-02-09 06:44:00,checkout,Mouse,16906
283,U00043,S987025,2024-02-09 06:46:00,purchase,Mouse,16906
284,U00044,S279516,2024-11-20 23:57:00,view,Monitor,74374
285,U00045,S185168,2024-01-21 18:16:00,view,Keyboard,75491
286,U00045,S185168,2024-01-21 18:20:00,add_to_cart,Keyboard,75491
287,U00045,S185168,2024-01-21 18:21:00,checkout,Keyboard,75491
288,U00045,S185168,2024-01-21 18:26:00,purchase,Keyboard,75491
289,U00046,S356773,2024-11-13 09:29:00,view,Phone,8352
290,U00046,S356773,2024-11-13 09:31:00,add_to_cart,Phone,8352
291,U00046,S356773,2024-11-13 09:35:00,checkout,Phone,8352
292,U00046,S356773,2024-11-13 09:38:00,purchase,Phone,8352
293,U00046,S853258,2024-06-24 11:25:00,view,Headphones,49067
294,U00046,S853258,2024-06-24 11:30:00,add_to_cart,Headphones,49067
295,U00046,S853258,2024-06-24 11:33:00,checkout,Headphones,49067
296,U00046,S853258,2024-06-24 11:34:00,purchase,Headphones,49067
297,U00047,S201514,2024-01-10 12:55:00,view,Camera,33041
298,U00048,S856157,2024-06-07 05:31:00,view,Smart Watch,65873
299,U00048,S856157,2024-06-07 05:34:00,add_to_cart,Smart Watch,65873
300,U00048,S629996,2024-08-08 06:37:00,view,Monitor,6877
301,U00048,S629996,2024-08-08 06:38:00,add_to_cart,Monitor,6877
302,U00048,S786041,2024-11-16 09:34:00,view,Laptop,14589
303,U00048,S786041,2024-11-16 09:38:00,add_to_cart,Laptop,14589
304,U00048,S786041,2024-11-16 09:41:00,checkout,Laptop,14589
305,U00048,S786041,2024-11-16 09:45:00,purchase,Laptop,14589
306,U00049,S697983,2024-09-07 11:35:00,view,Mouse,10137
307,U00049,S697983,2024-09-07 11:39:00,add_to_cart,Mouse,10137
308,U00049,S697983,2024-09-07 11:44:00,checkout,Mouse,10137
309,U00049,S697983,2024-09-07 11:49:00,purchase,Mouse,10137
310,U00050,S201377,2024-07-12 10:35:00,view,Monitor,19409
311,U00050,S201377,2024-07-12 10:37:00,add_to_cart,Monitor,19409
312,U00050,S201377,2024-07-12 10:41:00,checkout,Monitor,19409
313,U00050,S201377,2024-07-12 10:42:00,purchase,Monitor,19409
314,U00051,S644559,2024-08-05 19:57:00,view,Headphones,43487
315,U00051,S644559,2024-08-05 20:02:00,add_to_cart,Headphones,43487
316,U00051,S875232,2024-05-19 10:32:00,view,Smart Watch,74283
317,U00051,S875232,2024-05-19 10:35:00,add_to_cart,Smart Watch,74283
318,U00051,S875232,2024-05-19 10:36:00,checkout,Smart Watch,74283
319,U00052,S422623,2024-12-28 22:40:00,view,Laptop,78738
320,U00052,S422623,2024-12-28 22:44:00,add_to_cart,Laptop,78738
321,U00052,S422623,2024-12-28 22:49:00,checkout,Laptop,78738
322,U00052,S422623,2024-12-28 22:50:00,purchase,Laptop,78738
323,U00052,S649697,2024-11-24 19:49:00,view,Camera,19869
324,U00052,S649697,2024-11-24 19:51:00,add_to_cart,Camera,19869
325,U00052,S649697,2024-11-24 19:52:00,checkout,Camera,19869
326,U00052,S649697,2024-11-24 19:56:00,purchase,Camera,19869
327,U00052,S533020,2024-12-07 13:32:00,view,Smart Watch,8663
328,U00052,S533020,2024-12-07 13:34:00,add_to_cart,Smart Watch,8663
329,U00052,S533020,2024-12-07 13:39:00,checkout,Smart Watch,8663
330,U00052,S533020,2024-12-07 13:43:00,purchase,Smart Watch,8663
331,U00053,S581992,2024-09-11 17:22:00,view,Mouse,63962
332,U00054,S685196,2024-05-08 09:49:00,view,Mouse,27668
333,U00054,S685196,2024-05-08 09:53:00,add_to_cart,Mouse,27668
334,U00054,S685196,2024-05-08 09:56:00,checkout,Mouse,27668
335,U00054,S685196,2024-05-08 09:59:00,purchase,Mouse,27668
336,U00054,S809489,2024-09-13 12:52:00,view,Monitor,19698
337,U00054,S809489,2024-09-13 12:55:00,add_to_cart,Monitor,19698
338,U00054,S809489,2024-09-13 12:56:00,checkout,Monitor,19698
339,U00054,S809489,2024-09-13 13:00:00,purchase,Monitor,19698
340,U00055,S311883,2024-09-09 17:44:00,view,Mouse,18492
341,U00055,S311883,2024-09-09 17:45:00,add_to_cart,Mouse,18492
342,U00055,S311883,2024-09-09 17:50:00,checkout,Mouse,18492
343,U00055,S311883,2024-09-09 17:51:00,purchase,Mouse,18492
344,U00056,S768933,2024-04-02 03:26:00,view,Monitor,62418
345,U00056,S768933,2024-04-02 03:27:00,add_to_cart,Monitor,62418
346,U00056,S768933,2024-04-02 03:29:00,checkout,Monitor,62418
347,U00057,S526673,2024-11-16 15:41:00,view,Keyboard,38149
348,U00057,S526673,2024-11-16 15:44:00,add_to_cart,Keyboard,38149
349,U00058,S783984,2024-10-08 17:47:00,view,Laptop,23446
350,U00059,S138105,2024-07-26 15:11:00,view,Mouse,5410
351,U00059,S138105,2024-07-26 15:12:00,add_to_cart,Mouse,5410
352,U00059,S138105,2024-07-26 15:17:00,checkout,Mouse,5410
353,U00059,S138105,2024-07-26 15:20:00,purchase,Mouse,5410
354,U00060,S617904,2024-03-28 16:29:00,view,Mouse,25772
355,U00060,S617904,2024-03-28 16:30:00,add_to_cart,Mouse,25772
356,U00060,S617904,2024-03-28 16:34:00,checkout,Mouse,25772
357,U00060,S617904,2024-03-28 16:36:00,purchase,Mouse,25772
358,U00060,S929179,2024-05-19 21:48:00,view,Keyboard,23502
359,U00060,S525187,2024-07-17 10:05:00,view,Camera,13002
360,U00061,S439320,2024-04-01 08:24:00,view,Keyboard,59054
361,U00061,S416613,2024-10-24 18:00:00,view,Mouse,47627
362,U00061,S416613,2024-10-24 18:02:00,add_to_cart,Mouse,47627
363,U00061,S416613,2024-10-24 18:03:00,checkout,Mouse,47627
364,U00061,S416613,2024-10-24 18:05:00,purchase,Mouse,47627
365,U00062,S907236,2024-05-23 03:40:00,view,Mouse,48674
366,U00062,S907236,2024-05-23 03:45:00,add_to_cart,Mouse,48674
367,U00062,S907236,2024-05-23 03:47:00,checkout,Mouse,48674
368,U00062,S907236,2024-05-23 03:51:00,purchase,Mouse,48674
369,U00062,S491774,2024-07-23 17:58:00,view,Smart Watch,70953
370,U00062,S813390,2024-10-28 02:33:00,view,Smart Watch,69728
371,U00062,S813390,2024-10-28 02:36:00,add_to_cart,Smart Watch,69728
372,U00062,S813390,2024-10-28 02:41:00,checkout,Smart Watch,69728
373,U00063,S700521,2024-09-05 05:20:00,view,Smart Watch,15735
374,U00063,S700521,2024-09-05 05:22:00,add_to_cart,Smart Watch,15735
375,U00063,S700521,2024-09-05 05:26:00,checkout,Smart Watch,15735
376,U00063,S700521,2024-09-05 05:31:00,purchase,Smart Watch,15735
377,U00064,S238353,2024-09-14 14:36:00,view,Laptop,73742
378,U00064,S238353,2024-09-14 14:40:00,add_to_cart,Laptop,73742
379,U00064,S238353,2024-09-14 14:43:00,checkout,Laptop,73742
380,U00064,S238353,2024-09-14 14:47:00,purchase,Laptop,73742
381,U00064,S882032,2024-04-19 02:02:00,view,Camera,45658
382,U00064,S882032,2024-04-19 02:03:00,add_to_cart,Camera,45658
383,U00065,S595002,2024-01-10 13:11:00,view,Headphones,55597
384,U00066,S570325,2024-07-13 02:43:00,view,Headphones,46082
385,U00066,S570325,2024-07-13 02:44:00,add_to_cart,Headphones,46082
386,U00066,S570325,2024-07-13 02:49:00,checkout,Headphones,46082
387,U00066,S570325,2024-07-13 02:51:00,purchase,Headphones,46082
388,U00066,S975373,2024-01-25 00:19:00,view,Smart Watch,71861
389,U00066,S975373,2024-01-25 00:23:00,add_to_cart,Smart Watch,71861
390,U00066,S975373,2024-01-25 00:25:00,checkout,Smart Watch,71861
391,U00066,S975373,2024-01-25 00:28:00,purchase,Smart Watch,71861
392,U00067,S902674,2024-02-02 21:26:00,view,Laptop,32044
393,U00067,S902674,2024-02-02 21:28:00,add_to_cart,Laptop,32044
394,U00067,S902674,2024-02-02 21:33:00,checkout,Laptop,32044
395,U00067,S902674,2024-02-02 21:38:00,purchase,Laptop,32044
396,U00067,S356622,2024-12-02 12:28:00,view,Keyboard,71247
397,U00067,S913761,2024-01-05 16:18:00,view,Keyboard,76011
398,U00067,S913761,2024-01-05 16:21:00,add_to_cart,Keyboard,76011
399,U00067,S913761,2024-01-05 16:24:00,checkout,Keyboard,76011
400,U00068,S331780,2024-07-10 08:03:00,view,Headphones,56494
401,U00068,S331780,2024-07-10 08:08:00,add_to_cart,Headphones,56494
402,U00068,S803953,2024-07-26 16:20:00,view,Camera,54011
403,U00068,S803953,2024-07-26 16:22:00,add_to_cart,Camera,54011
404,U00068,S803953,2024-07-26 16:24:00,checkout,Camera,54011
405,U00068,S803953,2024-07-26 16:28:00,purchase,Camera,54011
406,U00068,S415344,2024-12-05 14:58:00,view,Laptop,74213
407,U00069,S655736,2024-03-13 07:16:00,view,Keyboard,43788
408,U00069,S988283,2024-06-03 17:46:00,view,Keyboard,7255
409,U00069,S988283,2024-06-03 17:49:00,add_to_cart,Keyboard,7255
410,U00069,S988283,2024-06-03 17:54:00,checkout,Keyboard,7255
411,U00069,S988283,2024-06-03 17:55:00,purchase,Keyboard,7255
412,U00069,S859489,2024-11-18 06:30:00,view,Keyboard,44142
413,U00070,S322096,2024-04-24 03:47:00,view,Smart Watch,32297
414,U00070,S322096,2024-04-24 03:52:00,add_to_cart,Smart Watch,32297
415,U00071,S437237,2024-05-13 14:34:00,view,Monitor,40925
416,U00071,S437237,2024-05-13 14:37:00,add_to_cart,Monitor,40925
417,U00071,S437237,2024-05-13 14:41:00,checkout,Monitor,40925
418,U00071,S437237,2024-05-13 14:45:00,purchase,Monitor,40925
419,U00071,S312994,2024-06-11 13:02:00,view,Keyboard,19626
420,U00071,S312994,2024-06-11 13:03:00,add_to_cart,Keyboard,19626
421,U00071,S312994,2024-06-11 13:08:00,checkout,Keyboard,19626
422,U00071,S312994,2024-06-11 13:12:00,purchase,Keyboard,19626
423,U00071,S445888,2024-04-13 18:53:00,view,Keyboard,65944
424,U00071,S445888,2024-04-13 18:58:00,add_to_cart,Keyboard,65944
425,U00071,S445888,2024-04-13 19:01:00,checkout,Keyboard,65944
426,U00072,S875520,2024-08-15 05:46:00,view,Monitor,22685
427,U00072,S875520,2024-08-15 05:48:00,add_to_cart,Monitor,22685
428,U00072,S875520,2024-08-15 05:52:00,checkout,Monitor,22685
429,U00072,S161585,2024-09-02 02:52:00,view,Laptop,1336
430,U00072,S161585,2024-09-02 02:56:00,add_to_cart,Laptop,1336
431,U00072,S161585,2024-09-02 02:58:00,checkout,Laptop,1336
432,U00072,S161585,2024-09-02 03:00:00,purchase,Laptop,1336
433,U00072,S578160,2024-06-02 19:40:00,view,Smart Watch,64444
434,U00072,S578160,2024-06-02 19:41:00,add_to_cart,Smart Watch,64444
435,U00072,S578160,2024-06-02 19:46:00,checkout,Smart Watch,64444
436,U00072,S578160,2024-06-02 19:47:00,purchase,Smart Watch,64444
437,U00073,S400614,2024-01-17 22:43:00,view,Camera,23996
438,U00073,S649857,2024-03-08 06:39:00,view,Mouse,46957
439,U00073,S182857,2024-06-13 14:36:00,view,Keyboard,30103
440,U00073,S182857,2024-06-13 14:39:00,add_to_cart,Keyboard,30103
441,U00073,S182857,2024-06-13 14:40:00,checkout,Keyboard,30103
442,U00073,S182857,2024-06-13 14:41:00,purchase,Keyboard,30103
443,U00074,S679549,2024-08-02 20:00:00,view,Headphones,11337
444,U00074,S776234,2024-06-19 03:57:00,view,Laptop,30615
445,U00075,S694316,2024-08-09 01:59:00,view,Phone,37249
446,U00075,S694316,2024-08-09 02:04:00,add_to_cart,Phone,37249
447,U00075,S694316,2024-08-09 02:05:00,checkout,Phone,37249
448,U00075,S694316,2024-08-09 02:08:00,purchase,Phone,37249
449,U00075,S715551,2024-03-25 22:52:00,view,Camera,10584
450,U00075,S715551,2024-03-25 22:55:00,add_to_cart,Camera,10584
451,U00075,S715551,2024-03-25 22:57:00,checkout,Camera,10584
452,U00075,S715551,2024-03-25 23:01:00,purchase,Camera,10584
453,U00075,S447843,2024-07-25 23:08:00,view,Phone,66139
454,U00075,S447843,2024-07-25 23:11:00,add_to_cart,Phone,66139
455,U00075,S447843,2024-07-25 23:15:00,checkout,Phone,66139
456,U00075,S447843,2024-07-25 23:16:00,purchase,Phone,66139
457,U00076,S515973,2024-06-01 20:17:00,view,Smart Watch,64804
458,U00076,S515973,2024-06-01 20:19:00,add_to_cart,Smart Watch,64804
459,U00076,S515973,2024-06-01 20:23:00,checkout,Smart Watch,64804
460,U00076,S515973,2024-06-01 20:28:00,purchase,Smart Watch,64804
461,U00076,S909676,2024-10-10 07:45:00,view,Phone,11252
462,U00076,S909676,2024-10-10 07:48:00,add_to_cart,Phone,11252
463,U00076,S909676,2024-10-10 07:50:00,checkout,Phone,11252
464,U00076,S909676,2024-10-10 07:53:00,purchase,Phone,11252
465,U00076,S105447,2024-05-15 11:48:00,view,Mouse,13899
466,U00076,S105447,2024-05-15 11:50:00,add_to_cart,Mouse,13899
467,U00076,S105447,2024-05-15 11:54:00,checkout,Mouse,13899
468,U00076,S105447,2024-05-15 11:59:00,purchase,Mouse,13899
469,U00077,S193972,2024-06-18 02:38:00,view,Monitor,50993
470,U00077,S193972,2024-06-18 02:39:00,add_to_cart,Monitor,50993
471,U00077,S193972,2024-06-18 02:43:00,checkout,Monitor,50993
472,U00078,S699743,2024-09-06 21:24:00,view,Headphones,18698
473,U00078,S699743,2024-09-06 21:27:00,add_to_cart,Headphones,18698
474,U00078,S699743,2024-09-06 21:31:00,checkout,Headphones,18698
475,U00078,S699743,2024-09-06 21:33:00,purchase,Headphones,18698
476,U00079,S607753,2024-02-12 08:15:00,view,Smart Watch,78331
477,U00079,S607753,2024-02-12 08:20:00,add_to_cart,Smart Watch,78331
478,U00079,S607753,2024-02-12 08:21:00,checkout,Smart Watch,78331
479,U00079,S448354,2024-10-13 10:28:00,view,Monitor,56941
480,U00079,S448354,2024-10-13 10:33:00,add_to_cart,Monitor,56941
481,U00079,S448354,2024-10-13 10:36:00,checkout,Monitor,56941
482,U00079,S448354,2024-10-13 10:38:00,purchase,Monitor,56941
483,U00080,S434640,2024-05-24 22:40:00,view,Smart Watch,75981
484,U00080,S434640,2024-05-24 22:42:00,add_to_cart,Smart Watch,75981
485,U00080,S512022,2024-06-04 18:12:00,view,Headphones,72602
486,U00081,S842776,2024-04-15 09:53:00,view,Phone,54127
487,U00081,S842776,2024-04-15 09:57:00,add_to_cart,Phone,54127
488,U00081,S842776,2024-04-15 10:00:00,checkout,Phone,54127
489,U00081,S842776,2024-04-15 10:02:00,purchase,Phone,54127
490,U00081,S177558,2024-08-20 15:37:00,view,Camera,70540
491,U00082,S538620,2024-09-02 11:44:00,view,Phone,14835
492,U00082,S538620,2024-09-02 11:46:00,add_to_cart,Phone,14835
493,U00082,S538620,2024-09-02 11:49:00,checkout,Phone,14835
494,U00082,S538620,2024-09-02 11:54:00,purchase,Phone,14835
495,U00082,S889245,2024-06-26 13:06:00,view,Laptop,13424
496,U00082,S889245,2024-06-26 13:09:00,add_to_cart,Laptop,13424
497,U00082,S889245,2024-06-26 13:14:00,checkout,Laptop,13424
498,U00082,S889245,2024-06-26 13:19:00,purchase,Laptop,13424
499,U00082,S510133,2024-08-25 21:37:00,view,Headphones,45715
500,U00082,S510133,2024-08-25 21:38:00,add_to_cart,Headphones,45715
501,U00082,S510133,2024-08-25 21:41:00,checkout,Headphones,45715
502,U00082,S510133,2024-08-25 21:42:00,purchase,Headphones,45715
503,U00083,S427040,2024-06-15 06:33:00,view,Smart Watch,46152
504,U00083,S427040,2024-06-15 06:37:00,add_to_cart,Smart Watch,46152
505,U00083,S427040,2024-06-15 06:41:00,checkout,Smart Watch,46152
506,U00083,S427040,2024-06-15 06:44:00,purchase,Smart Watch,46152
507,U00083,S123682,2024-06-21 03:43:00,view,Headphones,32470
508,U00083,S123682,2024-06-21 03:48:00,add_to_cart,Headphones,32470
509,U00083,S123682,2024-06-21 03:50:00,checkout,Headphones,32470
510,U00084,S936507,2024-07-21 05:11:00,view,Camera,52349
511,U00084,S936507,2024-07-21 05:12:00,add_to_cart,Camera,52349
512,U00084,S936507,2024-07-21 05:14:00,checkout,Camera,52349
513,U00084,S936507,2024-07-21 05:18:00,purchase,Camera,52349
514,U00085,S391865,2024-12-26 02:36:00,view,Phone,70871
515,U00085,S391865,2024-12-26 02:38:00,add_to_cart,Phone,70871
516,U00085,S391865,2024-12-26 02:40:00,checkout,Phone,70871
517,U00085,S391865,2024-12-26 02:43:00,purchase,Phone,70871
518,U00086,S770153,2024-06-20 12:39:00,view,Camera,77439
519,U00086,S770153,2024-06-20 12:40:00,add_to_cart,Camera,77439
520,U00086,S770153,2024-06-20 12:44:00,checkout,Camera,77439
521,U00086,S718836,2024-02-22 04:20:00,view,Phone,31770
522,U00086,S718836,2024-02-22 04:23:00,add_to_cart,Phone,31770
523,U00086,S718836,2024-02-22 04:26:00,checkout,Phone,31770
524,U00086,S718836,2024-02-22 04:31:00,purchase,Phone,31770
525,U00086,S244564,2024-10-13 13:11:00,view,Smart Watch,70935
526,U00086,S244564,2024-10-13 13:13:00,add_to_cart,Smart Watch,70935
527,U00086,S244564,2024-10-13 13:17:00,checkout,Smart Watch,70935
528,U00086,S244564,2024-10-13 13:19:00,purchase,Smart Watch,70935
529,U00087,S156215,2024-06-01 15:08:00,view,Keyboard,50824
530,U00087,S156215,2024-06-01 15:13:00,add_to_cart,Keyboard,50824
531,U00087,S156215,2024-06-01 15:17:00,checkout,Keyboard,50824
532,U00087,S156215,2024-06-01 15:21:00,purchase,Keyboard,50824
533,U00087,S612438,2024-03-03 18:01:00,view,Keyboard,38784
534,U00087,S612438,2024-03-03 18:02:00,add_to_cart,Keyboard,38784
535,U00087,S612438,2024-03-03 18:07:00,checkout,Keyboard,38784
536,U00087,S612438,2024-03-03 18:11:00,purchase,Keyboard,38784
537,U00087,S676429,2024-09-04 18:07:00,view,Mouse,71686
538,U00087,S676429,2024-09-04 18:10:00,add_to_cart,Mouse,71686
539,U00087,S676429,2024-09-04 18:11:00,checkout,Mouse,71686
540,U00087,S676429,2024-09-04 18:15:00,purchase,Mouse,71686
541,U00088,S871740,2024-11-25 07:19:00,view,Laptop,59447
542,U00088,S871740,2024-11-25 07:22:00,add_to_cart,Laptop,59447
543,U00088,S871740,2024-11-25 07:23:00,checkout,Laptop,59447
544,U00088,S871740,2024-11-25 07:24:00,purchase,Laptop,59447
545,U00089,S950083,2024-12-19 22:22:00,view,Camera,22255
546,U00089,S950083,2024-12-19 22:27:00,add_to_cart,Camera,22255
547,U00090,S697766,2024-06-18 08:38:00,view,Headphones,42921
548,U00090,S697766,2024-06-18 08:41:00,add_to_cart,Headphones,42921
549,U00091,S812296,2024-02-05 13:58:00,view,Laptop,36849
550,U00091,S812296,2024-02-05 14:00:00,add_to_cart,Laptop,36849
551,U00091,S812296,2024-02-05 14:02:00,checkout,Laptop,36849
552,U00091,S812296,2024-02-05 14:05:00,purchase,Laptop,36849
553,U00091,S613234,2024-03-19 20:17:00,view,Camera,49674
554,U00091,S613234,2024-03-19 20:21:00,add_to_cart,Camera,49674
555,U00091,S613234,2024-03-19 20:22:00,checkout,Camera,49674
556,U00091,S613234,2024-03-19 20:25:00,purchase,Camera,49674
557,U00091,S576782,2024-08-11 18:00:00,view,Phone,60589
558,U00092,S517035,2024-04-14 06:31:00,view,Mouse,42818
559,U00092,S517035,2024-04-14 06:34:00,add_to_cart,Mouse,42818
560,U00092,S517035,2024-04-14 06:39:00,checkout,Mouse,42818
561,U00092,S517035,2024-04-14 06:43:00,purchase,Mouse,42818
562,U00092,S148174,2024-02-21 14:01:00,view,Phone,21207
563,U00092,S148174,2024-02-21 14:05:00,add_to_cart,Phone,21207
564,U00092,S148174,2024-02-21 14:09:00,checkout,Phone,21207
565,U00092,S416528,2024-03-28 08:05:00,view,Monitor,33319
566,U00092,S416528,2024-03-28 08:06:00,add_to_cart,Monitor,33319
567,U00092,S416528,2024-03-28 08:08:00,checkout,Monitor,33319
568,U00092,S416528,2024-03-28 08:11:00,purchase,Monitor,33319
569,U00093,S787326,2024-02-23 03:00:00,view,Keyboard,62996
570,U00093,S787326,2024-02-23 03:01:00,add_to_cart,Keyboard,62996
571,U00093,S787326,2024-02-23 03:03:00,checkout,Keyboard,62996
572,U00093,S787326,2024-02-23 03:07:00,purchase,Keyboard,62996
573,U00093,S956800,2024-02-28 13:44:00,view,Headphones,63113
574,U00093,S956800,2024-02-28 13:45:00,add_to_cart,Headphones,63113
575,U00093,S956800,2024-02-28 13:46:00,checkout,Headphones,63113
576,U00093,S956800,2024-02-28 13:47:00,purchase,Headphones,63113
577,U00094,S243790,2024-07-25 04:41:00,view,Headphones,9466
578,U00094,S243790,2024-07-25 04:46:00,add_to_cart,Headphones,9466
579,U00094,S243790,2024-07-25 04:51:00,checkout,Headphones,9466
580,U00094,S243790,2024-07-25 04:55:00,purchase,Headphones,9466
581,U00094,S758589,2024-12-05 13:39:00,view,Smart Watch,28974
582,U00095,S888996,2024-02-19 23:24:00,view,Monitor,56780
583,U00096,S390421,2024-11-03 07:35:00,view,Mouse,4015
584,U00096,S390421,2024-11-03 07:38:00,add_to_cart,Mouse,4015
585,U00096,S390421,2024-11-03 07:43:00,checkout,Mouse,4015
586,U00096,S390421,2024-11-03 07:47:00,purchase,Mouse,4015
587,U00097,S618927,2024-07-04 07:31:00,view,Phone,69743
588,U00098,S238394,2024-07-28 18:26:00,view,Monitor,72112
589,U00098,S907788,2024-02-01 18:04:00,view,Laptop,34865
590,U00098,S907788,2024-02-01 18:06:00,add_to_cart,Laptop,34865
591,U00099,S631219,2024-05-21 22:32:00,view,Camera,56018
592,U00099,S631219,2024-05-21 22:36:00,add_to_cart,Camera,56018
593,U00099,S631219,2024-05-21 22:41:00,checkout,Camera,56018
594,U00099,S631219,2024-05-21 22:43:00,purchase,Camera,56018
595,U00099,S182860,2024-09-07 04:34:00,view,Monitor,51713
596,U00099,S182860,2024-09-07 04:39:00,add_to_cart,Monitor,51713
597,U00099,S182860,2024-09-07 04:40:00,checkout,Monitor,51713
598,U00099,S182860,2024-09-07 04:44:00,purchase,Monitor,51713
599,U00100,S356355,2024-02-14 03:29:00,view,Laptop,41039
600,U00100,S356355,2024-02-14 03:31:00,add_to_cart,Laptop,41039
601,U00100,S356355,2024-02-14 03:33:00,checkout,Laptop,41039
602,U00100,S356355,2024-02-14 03:35:00,purchase,Laptop,41039
603,U00101,S642347,2024-12-09 05:23:00,view,Headphones,35727
604,U00101,S130782,2024-06-26 13:17:00,view,Phone,34965
605,U00101,S130782,2024-06-26 13:22:00,add_to_cart,Phone,34965
606,U00101,S130782,2024-06-26 13:26:00,checkout,Phone,34965
607,U00101,S130782,2024-06-26 13:29:00,purchase,Phone,34965
608,U00101,S274987,2024-06-06 08:49:00,view,Phone,75723
609,U00101,S274987,2024-06-06 08:50:00,add_to_cart,Phone,75723
610,U00101,S274987,2024-06-06 08:55:00,checkout,Phone,75723
611,U00101,S274987,2024-06-06 08:56:00,purchase,Phone,75723
612,U00102,S501583,2024-03-06 01:35:00,view,Camera,29927
613,U00102,S501583,2024-03-06 01:38:00,add_to_cart,Camera,29927
614,U00102,S501583,2024-03-06 01:41:00,checkout,Camera,29927
615,U00102,S501583,2024-03-06 01:42:00,purchase,Camera,29927
616,U00102,S626428,2024-11-02 05:14:00,view,Laptop,53050
617,U00103,S911102,2024-05-11 02:35:00,view,Smart Watch,1544
618,U00103,S911102,2024-05-11 02:38:00,add_to_cart,Smart Watch,1544
619,U00103,S911102,2024-05-11 02:43:00,checkout,Smart Watch,1544
620,U00103,S911102,2024-05-11 02:48:00,purchase,Smart Watch,1544
621,U00103,S720432,2024-08-25 06:46:00,view,Keyboard,20235
622,U00104,S344315,2024-09-12 20:53:00,view,Laptop,44411
623,U00105,S990247,2024-12-24 09:06:00,view,Keyboard,69943
624,U00105,S990247,2024-12-24 09:08:00,add_to_cart,Keyboard,69943
625,U00105,S249289,2024-12-09 02:02:00,view,Keyboard,68625
626,U00105,S249289,2024-12-09 02:06:00,add_to_cart,Keyboard,68625
627,U00105,S249289,2024-12-09 02:09:00,checkout,Keyboard,68625
628,U00105,S249289,2024-12-09 02:10:00,purchase,Keyboard,68625
629,U00106,S768169,2024-07-03 18:36:00,view,Laptop,57514
630,U00106,S768169,2024-07-03 18:38:00,add_to_cart,Laptop,57514
631,U00107,S834764,2024-12-11 10:28:00,view,Mouse,31119
632,U00107,S242723,2024-10-04 04:06:00,view,Headphones,59425
633,U00107,S242723,2024-10-04 04:10:00,add_to_cart,Headphones,59425
634,U00107,S242723,2024-10-04 04:11:00,checkout,Headphones,59425
635,U00107,S242723,2024-10-04 04:13:00,purchase,Headphones,59425
636,U00108,S993892,2024-02-03 05:51:00,view,Mouse,79576
637,U00108,S993892,2024-02-03 05:52:00,add_to_cart,Mouse,79576
638,U00108,S993892,2024-02-03 05:55:00,checkout,Mouse,79576
639,U00108,S515492,2024-09-02 21:19:00,view,Mouse,23289
640,U00109,S682959,2024-12-18 07:06:00,view,Smart Watch,13857
641,U00109,S682959,2024-12-18 07:08:00,add_to_cart,Smart Watch,13857
642,U00109,S333086,2024-03-07 12:23:00,view,Phone,76826
643,U00109,S333086,2024-03-07 12:28:00,add_to_cart,Phone,76826
644,U00109,S333086,2024-03-07 12:29:00,checkout,Phone,76826
645,U00109,S333086,2024-03-07 12:30:00,purchase,Phone,76826
646,U00110,S196446,2024-06-04 01:29:00,view,Laptop,22518
647,U00110,S196446,2024-06-04 01:34:00,add_to_cart,Laptop,22518
648,U00110,S196446,2024-06-04 01:38:00,checkout,Laptop,22518
649,U00110,S196446,2024-06-04 01:42:00,purchase,Laptop,22518
650,U00111,S325146,2024-03-09 08:28:00,view,Headphones,5041
651,U00111,S325146,2024-03-09 08:33:00,add_to_cart,Headphones,5041
652,U00111,S325146,2024-03-09 08:35:00,checkout,Headphones,5041
653,U00111,S325146,2024-03-09 08:39:00,purchase,Headphones,5041
654,U00111,S602300,2024-01-03 08:24:00,view,Headphones,55449
655,U00111,S602300,2024-01-03 08:26:00,add_to_cart,Headphones,55449
656,U00111,S602300,2024-01-03 08:31:00,checkout,Headphones,55449
657,U00111,S602300,2024-01-03 08:36:00,purchase,Headphones,55449
658,U00112,S476556,2024-08-18 15:22:00,view,Monitor,51405
659,U00112,S476556,2024-08-18 15:25:00,add_to_cart,Monitor,51405
660,U00112,S476556,2024-08-18 15:28:00,checkout,Monitor,51405
661,U00112,S916356,2024-05-02 15:33:00,view,Monitor,77044
662,U00112,S204998,2024-04-22 07:17:00,view,Laptop,29258
663,U00113,S472039,2024-03-06 07:37:00,view,Monitor,47526
664,U00113,S472039,2024-03-06 07:42:00,add_to_cart,Monitor,47526
665,U00113,S690984,2024-03-19 06:53:00,view,Smart Watch,71557
666,U00113,S690984,2024-03-19 06:56:00,add_to_cart,Smart Watch,71557
667,U00113,S690984,2024-03-19 06:57:00,checkout,Smart Watch,71557
668,U00113,S690984,2024-03-19 06:59:00,purchase,Smart Watch,71557
669,U00114,S601207,2024-01-11 19:12:00,view,Headphones,45163
670,U00114,S985296,2024-06-02 00:09:00,view,Headphones,15038
671,U00114,S176054,2024-06-23 21:25:00,view,Phone,44613
672,U00114,S176054,2024-06-23 21:28:00,add_to_cart,Phone,44613
673,U00114,S176054,2024-06-23 21:30:00,checkout,Phone,44613
674,U00114,S176054,2024-06-23 21:34:00,purchase,Phone,44613
675,U00115,S432695,2024-03-23 17:44:00,view,Monitor,29760
676,U00115,S496764,2024-05-24 22:18:00,view,Headphones,23792
677,U00115,S700660,2024-07-28 18:02:00,view,Headphones,79456
678,U00116,S331625,2024-11-19 03:59:00,view,Smart Watch,18934
679,U00116,S331625,2024-11-19 04:02:00,add_to_cart,Smart Watch,18934
680,U00116,S331625,2024-11-19 04:04:00,checkout,Smart Watch,18934
681,U00116,S331625,2024-11-19 04:07:00,purchase,Smart Watch,18934
682,U00116,S961574,2024-12-22 20:46:00,view,Monitor,59040
683,U00116,S961574,2024-12-22 20:47:00,add_to_cart,Monitor,59040
684,U00116,S961574,2024-12-22 20:49:00,checkout,Monitor,59040
685,U00116,S961574,2024-12-22 20:52:00,purchase,Monitor,59040
686,U00116,S855408,2024-01-02 12:28:00,view,Camera,22302
687,U00116,S855408,2024-01-02 12:32:00,add_to_cart,Camera,22302
688,U00116,S855408,2024-01-02 12:36:00,checkout,Camera,22302
689,U00116,S855408,2024-01-02 12:40:00,purchase,Camera,22302
690,U00117,S782591,2024-11-08 05:28:00,view,Phone,4879
691,U00117,S782591,2024-11-08 05:31:00,add_to_cart,Phone,4879
692,U00117,S177804,2024-06-06 12:10:00,view,Phone,72202
693,U00117,S177804,2024-06-06 12:11:00,add_to_cart,Phone,72202
694,U00117,S838726,2024-01-14 20:10:00,view,Camera,21091
695,U00117,S838726,2024-01-14 20:11:00,add_to_cart,Camera,21091
696,U00118,S831063,2024-09-24 23:34:00,view,Mouse,37399
697,U00118,S831063,2024-09-24 23:37:00,add_to_cart,Mouse,37399
698,U00118,S831063,2024-09-24 23:38:00,checkout,Mouse,37399
699,U00118,S831063,2024-09-24 23:43:00,purchase,Mouse,37399
700,U00118,S157152,2024-06-01 13:05:00,view,Mouse,79171
701,U00118,S157152,2024-06-01 13:09:00,add_to_cart,Mouse,79171
702,U00118,S157152,2024-06-01 13:10:00,checkout,Mouse,79171
703,U00119,S984756,2024-02-10 12:30:00,view,Smart Watch,35234
704,U00119,S984756,2024-02-10 12:31:00,add_to_cart,Smart Watch,35234
705,U00119,S984756,2024-02-10 12:35:00,checkout,Smart Watch,35234
706,U00119,S984756,2024-02-10 12:39:00,purchase,Smart Watch,35234
707,U00119,S146784,2024-05-15 14:16:00,view,Keyboard,35700
708,U00119,S146784,2024-05-15 14:21:00,add_to_cart,Keyboard,35700
709,U00119,S146784,2024-05-15 14:22:00,checkout,Keyboard,35700
710,U00119,S146784,2024-05-15 14:25:00,purchase,Keyboard,35700
711,U00120,S338564,2024-09-02 12:52:00,view,Camera,70690
712,U00120,S338564,2024-09-02 12:56:00,add_to_cart,Camera,70690
713,U00120,S338564,2024-09-02 12:58:00,checkout,Camera,70690
714,U00120,S338564,2024-09-02 12:59:00,purchase,Camera,70690
715,U00120,S626491,2024-10-17 18:43:00,view,Headphones,16265
716,U00120,S626491,2024-10-17 18:47:00,add_to_cart,Headphones,16265
717,U00120,S947732,2024-04-05 01:27:00,view,Phone,57567
718,U00121,S255061,2024-10-09 10:58:00,view,Phone,11906
719,U00121,S255061,2024-10-09 11:02:00,add_to_cart,Phone,11906
720,U00121,S255061,2024-10-09 11:07:00,checkout,Phone,11906
721,U00121,S255061,2024-10-09 11:10:00,purchase,Phone,11906
722,U00121,S924758,2024-12-20 18:33:00,view,Camera,15248
723,U00121,S924758,2024-12-20 18:37:00,add_to_cart,Camera,15248
724,U00121,S924758,2024-12-20 18:42:00,checkout,Camera,15248
725,U00121,S690016,2024-02-26 09:55:00,view,Monitor,54356
726,U00121,S690016,2024-02-26 09:58:00,add_to_cart,Monitor,54356
727,U00121,S690016,2024-02-26 10:02:00,checkout,Monitor,54356
728,U00121,S690016,2024-02-26 10:06:00,purchase,Monitor,54356
729,U00122,S250840,2024-10-20 21:44:00,view,Camera,5583
730,U00122,S447596,2024-12-08 01:47:00,view,Smart Watch,35703
731,U00122,S447596,2024-12-08 01:50:00,add_to_cart,Smart Watch,35703
732,U00122,S447596,2024-12-08 01:53:00,checkout,Smart Watch,35703
733,U00123,S202988,2024-04-05 09:47:00,view,Smart Watch,42556
734,U00123,S202988,2024-04-05 09:50:00,add_to_cart,Smart Watch,42556
735,U00123,S202988,2024-04-05 09:55:00,checkout,Smart Watch,42556
736,U00123,S202988,2024-04-05 09:57:00,purchase,Smart Watch,42556
737,U00123,S876936,2024-08-25 16:55:00,view,Monitor,7867
738,U00123,S168804,2024-05-23 16:25:00,view,Headphones,69219
739,U00123,S168804,2024-05-23 16:30:00,add_to_cart,Headphones,69219
740,U00124,S977633,2024-01-08 01:29:00,view,Laptop,47735
741,U00124,S977633,2024-01-08 01:31:00,add_to_cart,Laptop,47735
742,U00124,S977633,2024-01-08 01:35:00,checkout,Laptop,47735
743,U00124,S977633,2024-01-08 01:36:00,purchase,Laptop,47735
744,U00125,S612530,2024-10-15 05:55:00,view,Smart Watch,77423
745,U00125,S612530,2024-10-15 06:00:00,add_to_cart,Smart Watch,77423
746,U00125,S371224,2024-12-27 22:05:00,view,Mouse,4097
747,U00125,S371224,2024-12-27 22:09:00,add_to_cart,Mouse,4097
748,U00125,S371224,2024-12-27 22:14:00,checkout,Mouse,4097
749,U00126,S336047,2024-11-07 08:41:00,view,Camera,67776
750,U00126,S904858,2024-11-01 15:58:00,view,Headphones,23201
751,U00126,S334639,2024-05-20 09:45:00,view,Mouse,56049
752,U00127,S364239,2024-04-15 09:43:00,view,Camera,77109
753,U00127,S364239,2024-04-15 09:44:00,add_to_cart,Camera,77109
754,U00127,S364239,2024-04-15 09:47:00,checkout,Camera,77109
755,U00127,S364239,2024-04-15 09:52:00,purchase,Camera,77109
756,U00127,S817659,2024-02-16 02:21:00,view,Mouse,43116
757,U00127,S817659,2024-02-16 02:24:00,add_to_cart,Mouse,43116
758,U00127,S817659,2024-02-16 02:27:00,checkout,Mouse,43116
759,U00127,S817659,2024-02-16 02:32:00,purchase,Mouse,43116
760,U00128,S523727,2024-11-11 21:08:00,view,Laptop,65691
761,U00128,S523727,2024-11-11 21:11:00,add_to_cart,Laptop,65691
762,U00128,S523727,2024-11-11 21:15:00,checkout,Laptop,65691
763,U00128,S523727,2024-11-11 21:16:00,purchase,Laptop,65691
764,U00128,S955653,2024-04-11 23:45:00,view,Keyboard,70575
765,U00128,S804505,2024-06-17 09:54:00,view,Headphones,73670
766,U00128,S804505,2024-06-17 09:56:00,add_to_cart,Headphones,73670
767,U00128,S804505,2024-06-17 10:00:00,checkout,Headphones,73670
768,U00128,S804505,2024-06-17 10:03:00,purchase,Headphones,73670
769,U00129,S812730,2024-06-21 02:14:00,view,Monitor,29772
770,U00129,S812730,2024-06-21 02:17:00,add_to_cart,Monitor,29772
771,U00129,S812730,2024-06-21 02:20:00,checkout,Monitor,29772
772,U00129,S812730,2024-06-21 02:25:00,purchase,Monitor,29772
773,U00130,S156284,2024-11-19 18:39:00,view,Phone,62394
774,U00130,S156284,2024-11-19 18:41:00,add_to_cart,Phone,62394
775,U00130,S156284,2024-11-19 18:45:00,checkout,Phone,62394
776,U00130,S156284,2024-11-19 18:49:00,purchase,Phone,62394
777,U00130,S244037,2024-04-11 13:36:00,view,Smart Watch,19272
778,U00131,S916779,2024-02-16 10:40:00,view,Headphones,41579
779,U00131,S916779,2024-02-16 10:41:00,add_to_cart,Headphones,41579
780,U00131,S916779,2024-02-16 10:44:00,checkout,Headphones,41579
781,U00131,S916779,2024-02-16 10:46:00,purchase,Headphones,41579
782,U00132,S923353,2024-02-05 19:27:00,view,Camera,53373
783,U00132,S501936,2024-01-02 17:12:00,view,Monitor,2345
784,U00133,S299834,2024-01-22 00:40:00,view,Keyboard,30157
785,U00133,S299834,2024-01-22 00:43:00,add_to_cart,Keyboard,30157
786,U00133,S299834,2024-01-22 00:44:00,checkout,Keyboard,30157
787,U00133,S299834,2024-01-22 00:49:00,purchase,Keyboard,30157
788,U00133,S963862,2024-01-10 09:29:00,view,Monitor,57341
789,U00133,S963862,2024-01-10 09:31:00,add_to_cart,Monitor,57341
790,U00133,S963862,2024-01-10 09:35:00,checkout,Monitor,57341
791,U00133,S963862,2024-01-10 09:37:00,purchase,Monitor,57341
792,U00133,S120053,2024-04-08 23:08:00,view,Keyboard,3372
793,U00133,S120053,2024-04-08 23:13:00,add_to_cart,Keyboard,3372
794,U00133,S120053,2024-04-08 23:14:00,checkout,Keyboard,3372
795,U00133,S120053,2024-04-08 23:15:00,purchase,Keyboard,3372
796,U00134,S753404,2024-01-20 01:42:00,view,Phone,3087
797,U00134,S753404,2024-01-20 01:43:00,add_to_cart,Phone,3087
798,U00134,S753404,2024-01-20 01:47:00,checkout,Phone,3087
799,U00134,S753404,2024-01-20 01:48:00,purchase,Phone,3087
800,U00134,S835962,2024-03-07 22:43:00,view,Laptop,39967
801,U00134,S835962,2024-03-07 22:47:00,add_to_cart,Laptop,39967
802,U00134,S835962,2024-03-07 22:52:00,checkout,Laptop,39967
803,U00134,S835962,2024-03-07 22:57:00,purchase,Laptop,39967
804,U00134,S971002,2024-02-17 23:39:00,view,Phone,37554
805,U00135,S308296,2024-10-07 08:53:00,view,Keyboard,47413
806,U00135,S308296,2024-10-07 08:57:00,add_to_cart,Keyboard,47413
807,U00135,S308296,2024-10-07 08:58:00,checkout,Keyboard,47413
808,U00135,S308296,2024-10-07 09:00:00,purchase,Keyboard,47413
809,U00135,S446663,2024-04-01 00:42:00,view,Phone,14974
810,U00135,S446663,2024-04-01 00:47:00,add_to_cart,Phone,14974
811,U00136,S178693,2024-12-24 03:57:00,view,Mouse,30798
812,U00136,S410401,2024-05-15 01:06:00,view,Headphones,5670
813,U00136,S410401,2024-05-15 01:09:00,add_to_cart,Headphones,5670
814,U00136,S410401,2024-05-15 01:12:00,checkout,Headphones,5670
815,U00136,S410401,2024-05-15 01:13:00,purchase,Headphones,5670
816,U00136,S110142,2024-03-22 20:10:00,view,Monitor,47361
817,U00137,S868677,2024-02-12 10:11:00,view,Phone,53030
818,U00137,S385037,2024-07-23 15:51:00,view,Camera,22360
819,U00137,S385037,2024-07-23 15:52:00,add_to_cart,Camera,22360
820,U00138,S208751,2024-07-19 15:51:00,view,Smart Watch,24258
821,U00138,S208751,2024-07-19 15:56:00,add_to_cart,Smart Watch,24258
822,U00138,S208751,2024-07-19 15:59:00,checkout,Smart Watch,24258
823,U00138,S208751,2024-07-19 16:01:00,purchase,Smart Watch,24258
824,U00139,S531262,2024-08-02 02:16:00,view,Monitor,2120
825,U00140,S858931,2024-10-08 21:55:00,view,Monitor,68539
826,U00140,S858931,2024-10-08 22:00:00,add_to_cart,Monitor,68539
827,U00140,S858931,2024-10-08 22:05:00,checkout,Monitor,68539
828,U00140,S858931,2024-10-08 22:07:00,purchase,Monitor,68539
829,U00140,S255875,2024-09-20 01:00:00,view,Headphones,66765
830,U00140,S273438,2024-02-25 15:20:00,view,Keyboard,43871
831,U00140,S273438,2024-02-25 15:23:00,add_to_cart,Keyboard,43871
832,U00140,S273438,2024-02-25 15:25:00,checkout,Keyboard,43871
833,U00140,S273438,2024-02-25 15:29:00,purchase,Keyboard,43871
834,U00141,S581395,2024-08-26 18:28:00,view,Phone,65833
835,U00141,S581395,2024-08-26 18:32:00,add_to_cart,Phone,65833
836,U00141,S581395,2024-08-26 18:36:00,checkout,Phone,65833
837,U00141,S581395,2024-08-26 18:37:00,purchase,Phone,65833
838,U00142,S684194,2024-09-01 02:50:00,view,Mouse,67128
839,U00142,S684194,2024-09-01 02:55:00,add_to_cart,Mouse,67128
840,U00143,S965401,2024-01-27 07:54:00,view,Smart Watch,44012
841,U00143,S729094,2024-08-23 21:23:00,view,Smart Watch,15445
842,U00144,S102303,2024-06-12 20:51:00,view,Mouse,72286
843,U00144,S102303,2024-06-12 20:56:00,add_to_cart,Mouse,72286
844,U00144,S102303,2024-06-12 20:57:00,checkout,Mouse,72286
845,U00144,S102303,2024-06-12 20:59:00,purchase,Mouse,72286
846,U00145,S366641,2024-10-07 06:07:00,view,Camera,28757
847,U00146,S851606,2024-06-04 13:02:00,view,Phone,59548
848,U00146,S851606,2024-06-04 13:06:00,add_to_cart,Phone,59548
849,U00146,S851606,2024-06-04 13:11:00,checkout,Phone,59548
850,U00146,S851606,2024-06-04 13:15:00,purchase,Phone,59548
851,U00147,S553834,2024-10-16 16:49:00,view,Headphones,76332
852,U00147,S553834,2024-10-16 16:51:00,add_to_cart,Headphones,76332
853,U00147,S553834,2024-10-16 16:53:00,checkout,Headphones,76332
854,U00147,S553834,2024-10-16 16:58:00,purchase,Headphones,76332
855,U00147,S628597,2024-07-14 19:58:00,view,Keyboard,36360
856,U00147,S408463,2024-08-26 04:08:00,view,Camera,79474
857,U00147,S408463,2024-08-26 04:13:00,add_to_cart,Camera,79474
858,U00148,S872610,2024-09-21 06:12:00,view,Keyboard,38586
859,U00148,S239116,2024-12-21 05:32:00,view,Monitor,15626
860,U00148,S239116,2024-12-21 05:35:00,add_to_cart,Monitor,15626
861,U00148,S239116,2024-12-21 05:40:00,checkout,Monitor,15626
862,U00148,S239116,2024-12-21 05:44:00,purchase,Monitor,15626
863,U00148,S399817,2024-07-26 00:33:00,view,Phone,3812
864,U00148,S399817,2024-07-26 00:37:00,add_to_cart,Phone,3812
865,U00148,S399817,2024-07-26 00:38:00,checkout,Phone,3812
866,U00149,S362732,2024-03-27 01:44:00,view,Mouse,27238
867,U00149,S362732,2024-03-27 01:49:00,add_to_cart,Mouse,27238
868,U00149,S362732,2024-03-27 01:53:00,checkout,Mouse,27238
869,U00149,S878476,2024-11-18 12:15:00,view,Mouse,6657
870,U00149,S878476,2024-11-18 12:19:00,add_to_cart,Mouse,6657
871,U00149,S156415,2024-01-24 08:12:00,view,Smart Watch,30063
872,U00150,S874320,2024-10-07 23:12:00,view,Mouse,59327
873,U00150,S178086,2024-03-06 23:32:00,view,Phone,49940
874,U00150,S178086,2024-03-06 23:33:00,add_to_cart,Phone,49940
875,U00150,S178086,2024-03-06 23:38:00,checkout,Phone,49940
876,U00150,S178086,2024-03-06 23:40:00,purchase,Phone,49940
877,U00150,S105919,2024-06-15 22:59:00,view,Headphones,5735
878,U00151,S153325,2024-11-20 21:19:00,view,Smart Watch,75561
879,U00151,S153325,2024-11-20 21:24:00,add_to_cart,Smart Watch,75561
880,U00151,S153325,2024-11-20 21:27:00,checkout,Smart Watch,75561
881,U00151,S153325,2024-11-20 21:29:00,purchase,Smart Watch,75561
882,U00151,S267112,2024-07-18 17:25:00,view,Phone,46296
883,U00151,S795556,2024-06-11 11:18:00,view,Keyboard,70033
884,U00152,S109231,2024-02-22 11:28:00,view,Keyboard,32458
885,U00152,S109231,2024-02-22 11:29:00,add_to_cart,Keyboard,32458
886,U00152,S109231,2024-02-22 11:32:00,checkout,Keyboard,32458
887,U00152,S109231,2024-02-22 11:33:00,purchase,Keyboard,32458
888,U00152,S859143,2024-05-01 16:52:00,view,Monitor,67911
889,U00152,S859143,2024-05-01 16:57:00,add_to_cart,Monitor,67911
890,U00152,S859143,2024-05-01 16:58:00,checkout,Monitor,67911
891,U00152,S859143,2024-05-01 17:00:00,purchase,Monitor,67911
892,U00152,S200617,2024-03-25 17:34:00,view,Laptop,9081
893,U00152,S200617,2024-03-25 17:36:00,add_to_cart,Laptop,9081
894,U00153,S976258,2024-02-07 17:53:00,view,Camera,9952
895,U00153,S976258,2024-02-07 17:55:00,add_to_cart,Camera,9952
896,U00153,S976258,2024-02-07 17:58:00,checkout,Camera,9952
897,U00153,S976258,2024-02-07 17:59:00,purchase,Camera,9952
898,U00153,S685193,2024-02-19 07:58:00,view,Mouse,53929
899,U00153,S685193,2024-02-19 08:02:00,add_to_cart,Mouse,53929
900,U00153,S685193,2024-02-19 08:06:00,checkout,Mouse,53929
901,U00153,S685193,2024-02-19 08:07:00,purchase,Mouse,53929
902,U00154,S106185,2024-11-24 19:04:00,view,Laptop,10014
903,U00154,S211291,2024-05-26 21:19:00,view,Phone,37399
904,U00154,S211291,2024-05-26 21:23:00,add_to_cart,Phone,37399
905,U00154,S211291,2024-05-26 21:24:00,checkout,Phone,37399
906,U00154,S211291,2024-05-26 21:29:00,purchase,Phone,37399
907,U00154,S935474,2024-09-10 20:09:00,view,Mouse,49406
908,U00154,S935474,2024-09-10 20:10:00,add_to_cart,Mouse,49406
909,U00154,S935474,2024-09-10 20:15:00,checkout,Mouse,49406
910,U00154,S935474,2024-09-10 20:16:00,purchase,Mouse,49406
911,U00155,S663244,2024-09-03 09:13:00,view,Monitor,28252
912,U00155,S992819,2024-09-05 05:11:00,view,Keyboard,33627
913,U00155,S992819,2024-09-05 05:13:00,add_to_cart,Keyboard,33627
914,U00156,S583671,2024-11-18 02:18:00,view,Phone,33358
915,U00156,S583671,2024-11-18 02:19:00,add_to_cart,Phone,33358
916,U00156,S583671,2024-11-18 02:24:00,checkout,Phone,33358
917,U00156,S583671,2024-11-18 02:27:00,purchase,Phone,33358
918,U00156,S204904,2024-05-20 02:57:00,view,Keyboard,42152
919,U00156,S204904,2024-05-20 03:01:00,add_to_cart,Keyboard,42152
920,U00156,S204904,2024-05-20 03:06:00,checkout,Keyboard,42152
921,U00156,S204904,2024-05-20 03:11:00,purchase,Keyboard,42152
922,U00156,S482199,2024-06-14 05:00:00,view,Monitor,32766
923,U00156,S482199,2024-06-14 05:02:00,add_to_cart,Monitor,32766
924,U00156,S482199,2024-06-14 05:06:00,checkout,Monitor,32766
925,U00156,S482199,2024-06-14 05:09:00,purchase,Monitor,32766
926,U00157,S585331,2024-08-12 09:31:00,view,Phone,23538
927,U00157,S585331,2024-08-12 09:36:00,add_to_cart,Phone,23538
928,U00157,S246802,2024-09-07 08:46:00,view,Phone,10382
929,U00158,S132709,2024-10-19 12:49:00,view,Keyboard,5304
930,U00158,S132709,2024-10-19 12:54:00,add_to_cart,Keyboard,5304
931,U00158,S132709,2024-10-19 12:59:00,checkout,Keyboard,5304
932,U00158,S132709,2024-10-19 13:01:00,purchase,Keyboard,5304
933,U00158,S909652,2024-10-24 09:08:00,view,Smart Watch,66183
934,U00158,S909652,2024-10-24 09:13:00,add_to_cart,Smart Watch,66183
935,U00158,S909652,2024-10-24 09:16:00,checkout,Smart Watch,66183
936,U00158,S909652,2024-10-24 09:18:00,purchase,Smart Watch,66183
937,U00158,S817395,2024-03-25 16:08:00,view,Smart Watch,21369
938,U00158,S817395,2024-03-25 16:10:00,add_to_cart,Smart Watch,21369
939,U00158,S817395,2024-03-25 16:15:00,checkout,Smart Watch,21369
940,U00158,S817395,2024-03-25 16:17:00,purchase,Smart Watch,21369
941,U00159,S142383,2024-04-25 15:14:00,view,Phone,35149
942,U00159,S142383,2024-04-25 15:17:00,add_to_cart,Phone,35149
943,U00159,S142383,2024-04-25 15:19:00,checkout,Phone,35149
944,U00159,S142383,2024-04-25 15:22:00,purchase,Phone,35149
945,U00159,S148693,2024-01-21 10:06:00,view,Mouse,35013
946,U00159,S148693,2024-01-21 10:11:00,add_to_cart,Mouse,35013
947,U00159,S148693,2024-01-21 10:13:00,checkout,Mouse,35013
948,U00159,S148693,2024-01-21 10:17:00,purchase,Mouse,35013
949,U00160,S363807,2024-07-08 16:25:00,view,Monitor,45724
950,U00160,S733561,2024-01-17 04:28:00,view,Headphones,30645
951,U00160,S733561,2024-01-17 04:29:00,add_to_cart,Headphones,30645
952,U00160,S733561,2024-01-17 04:32:00,checkout,Headphones,30645
953,U00160,S733561,2024-01-17 04:34:00,purchase,Headphones,30645
954,U00160,S852146,2024-02-22 07:26:00,view,Monitor,15355
955,U00160,S852146,2024-02-22 07:30:00,add_to_cart,Monitor,15355
956,U00160,S852146,2024-02-22 07:34:00,checkout,Monitor,15355
957,U00160,S852146,2024-02-22 07:36:00,purchase,Monitor,15355
958,U00161,S355506,2024-01-05 18:37:00,view,Headphones,18158
959,U00161,S355506,2024-01-05 18:42:00,add_to_cart,Headphones,18158
960,U00161,S355506,2024-01-05 18:47:00,checkout,Headphones,18158
961,U00161,S355506,2024-01-05 18:49:00,purchase,Headphones,18158
962,U00162,S525151,2024-10-19 20:01:00,view,Mouse,11739
963,U00162,S525151,2024-10-19 20:03:00,add_to_cart,Mouse,11739
964,U00162,S278852,2024-04-27 13:38:00,view,Headphones,76868
965,U00162,S278852,2024-04-27 13:40:00,add_to_cart,Headphones,76868
966,U00162,S278852,2024-04-27 13:45:00,checkout,Headphones,76868
967,U00162,S725510,2024-10-03 07:24:00,view,Camera,17829
968,U00162,S725510,2024-10-03 07:25:00,add_to_cart,Camera,17829
969,U00163,S817611,2024-07-27 04:38:00,view,Phone,23755
970,U00163,S728950,2024-01-26 17:32:00,view,Phone,12714
971,U00163,S728950,2024-01-26 17:36:00,add_to_cart,Phone,12714
972,U00163,S728950,2024-01-26 17:41:00,checkout,Phone,12714
973,U00163,S912510,2024-11-21 13:33:00,view,Camera,49046
974,U00163,S912510,2024-11-21 13:34:00,add_to_cart,Camera,49046
975,U00163,S912510,2024-11-21 13:38:00,checkout,Camera,49046
976,U00163,S912510,2024-11-21 13:42:00,purchase,Camera,49046
977,U00164,S717661,2024-12-25 22:36:00,view,Phone,56269
978,U00164,S717661,2024-12-25 22:38:00,add_to_cart,Phone,56269
979,U00164,S187889,2024-05-20 17:26:00,view,Mouse,25275
980,U00164,S187889,2024-05-20 17:27:00,add_to_cart,Mouse,25275
981,U00164,S187889,2024-05-20 17:28:00,checkout,Mouse,25275
982,U00164,S187889,2024-05-20 17:29:00,purchase,Mouse,25275
983,U00165,S315397,2024-12-26 10:26:00,view,Monitor,14470
984,U00165,S315397,2024-12-26 10:28:00,add_to_cart,Monitor,14470
985,U00165,S315397,2024-12-26 10:33:00,checkout,Monitor,14470
986,U00165,S315397,2024-12-26 10:38:00,purchase,Monitor,14470
987,U00165,S741603,2024-05-22 12:48:00,view,Keyboard,54662
988,U00165,S605904,2024-03-12 17:35:00,view,Smart Watch,33763
989,U00165,S605904,2024-03-12 17:38:00,add_to_cart,Smart Watch,33763
990,U00165,S605904,2024-03-12 17:42:00,checkout,Smart Watch,33763
991,U00165,S605904,2024-03-12 17:43:00,purchase,Smart Watch,33763
992,U00166,S269654,2024-02-07 16:25:00,view,Monitor,72665
993,U00166,S269654,2024-02-07 16:30:00,add_to_cart,Monitor,72665
994,U00166,S269654,2024-02-07 16:31:00,checkout,Monitor,72665
995,U00166,S269654,2024-02-07 16:32:00,purchase,Monitor,72665
996,U00166,S594580,2024-10-14 02:04:00,view,Mouse,29567
997,U00166,S594580,2024-10-14 02:07:00,add_to_cart,Mouse,29567
998,U00166,S594580,2024-10-14 02:08:00,checkout,Mouse,29567
999,U00166,S594580,2024-10-14 02:12:00,purchase,Mouse,29567
1000,U00166,S400384,2024-12-20 01:49:00,view,Headphones,65297
1001,U00166,S400384,2024-12-20 01:53:00,add_to_cart,Headphones,65297
1002,U00166,S400384,2024-12-20 01:58:00,checkout,Headphones,65297
1003,U00166,S400384,2024-12-20 01:59:00,purchase,Headphones,65297
1004,U00167,S832377,2024-04-20 05:43:00,view,Laptop,47651
1005,U00167,S832377,2024-04-20 05:45:00,add_to_cart,Laptop,47651
1006,U00167,S832377,2024-04-20 05:47:00,checkout,Laptop,47651
1007,U00167,S832377,2024-04-20 05:50:00,purchase,Laptop,47651
1008,U00167,S802191,2024-07-13 18:12:00,view,Laptop,9493
1009,U00167,S802191,2024-07-13 18:13:00,add_to_cart,Laptop,9493
1010,U00167,S465004,2024-06-27 08:14:00,view,Keyboard,60106
1011,U00167,S465004,2024-06-27 08:18:00,add_to_cart,Keyboard,60106
1012,U00167,S465004,2024-06-27 08:21:00,checkout,Keyboard,60106
1013,U00167,S465004,2024-06-27 08:26:00,purchase,Keyboard,60106
1014,U00168,S408545,2024-06-04 16:16:00,view,Mouse,58534
1015,U00168,S408545,2024-06-04 16:20:00,add_to_cart,Mouse,58534
1016,U00168,S408545,2024-06-04 16:22:00,checkout,Mouse,58534
1017,U00168,S408545,2024-06-04 16:26:00,purchase,Mouse,58534
1018,U00168,S128679,2024-08-04 08:04:00,view,Camera,29385
1019,U00168,S532459,2024-06-17 17:00:00,view,Mouse,33039
1020,U00168,S532459,2024-06-17 17:03:00,add_to_cart,Mouse,33039
1021,U00168,S532459,2024-06-17 17:06:00,checkout,Mouse,33039
1022,U00168,S532459,2024-06-17 17:08:00,purchase,Mouse,33039
1023,U00169,S701581,2024-05-06 23:43:00,view,Keyboard,65904
1024,U00169,S701581,2024-05-06 23:45:00,add_to_cart,Keyboard,65904
1025,U00170,S340341,2024-04-27 07:53:00,view,Monitor,20946
1026,U00170,S340341,2024-04-27 07:54:00,add_to_cart,Monitor,20946
1027,U00170,S340341,2024-04-27 07:55:00,checkout,Monitor,20946
1028,U00170,S340341,2024-04-27 07:59:00,purchase,Monitor,20946
1029,U00171,S989203,2024-08-12 19:20:00,view,Smart Watch,75803
1030,U00171,S989203,2024-08-12 19:23:00,add_to_cart,Smart Watch,75803
1031,U00171,S989203,2024-08-12 19:28:00,checkout,Smart Watch,75803
1032,U00171,S989203,2024-08-12 19:30:00,purchase,Smart Watch,75803
1033,U00172,S651273,2024-07-16 17:02:00,view,Monitor,52105
1034,U00172,S651273,2024-07-16 17:04:00,add_to_cart,Monitor,52105
1035,U00172,S651273,2024-07-16 17:05:00,checkout,Monitor,52105
1036,U00172,S651273,2024-07-16 17:09:00,purchase,Monitor,52105
1037,U00173,S806848,2024-04-13 18:06:00,view,Monitor,47895
1038,U00174,S675210,2024-05-08 08:30:00,view,Monitor,48462
1039,U00174,S675210,2024-05-08 08:32:00,add_to_cart,Monitor,48462
1040,U00174,S675210,2024-05-08 08:34:00,checkout,Monitor,48462
1041,U00174,S675210,2024-05-08 08:37:00,purchase,Monitor,48462
1042,U00175,S572623,2024-03-19 04:36:00,view,Keyboard,13590
1043,U00175,S682316,2024-07-28 12:12:00,view,Headphones,20101
1044,U00176,S541996,2024-08-05 20:33:00,view,Monitor,64282
1045,U00176,S541996,2024-08-05 20:36:00,add_to_cart,Monitor,64282
1046,U00176,S541996,2024-08-05 20:41:00,checkout,Monitor,64282
1047,U00176,S541996,2024-08-05 20:42:00,purchase,Monitor,64282
1048,U00177,S953350,2024-05-16 20:06:00,view,Smart Watch,44364
1049,U00177,S953350,2024-05-16 20:09:00,add_to_cart,Smart Watch,44364
1050,U00177,S953350,2024-05-16 20:14:00,checkout,Smart Watch,44364
1051,U00177,S953350,2024-05-16 20:17:00,purchase,Smart Watch,44364
1052,U00178,S468145,2024-11-20 06:36:00,view,Headphones,37804
1053,U00178,S468145,2024-11-20 06:39:00,add_to_cart,Headphones,37804
1054,U00178,S468145,2024-11-20 06:44:00,checkout,Headphones,37804
1055,U00179,S743473,2024-05-15 20:09:00,view,Headphones,44722
1056,U00179,S743473,2024-05-15 20:13:00,add_to_cart,Headphones,44722
1057,U00179,S743473,2024-05-15 20:18:00,checkout,Headphones,44722
1058,U00179,S743473,2024-05-15 20:19:00,purchase,Headphones,44722
1059,U00179,S339303,2024-06-11 20:18:00,view,Mouse,79849
1060,U00179,S339303,2024-06-11 20:22:00,add_to_cart,Mouse,79849
1061,U00179,S339303,2024-06-11 20:26:00,checkout,Mouse,79849
1062,U00179,S339303,2024-06-11 20:29:00,purchase,Mouse,79849
1063,U00180,S534098,2024-03-06 00:08:00,view,Keyboard,33483
1064,U00180,S534098,2024-03-06 00:09:00,add_to_cart,Keyboard,33483
1065,U00180,S534098,2024-03-06 00:13:00,checkout,Keyboard,33483
1066,U00180,S596171,2024-09-02 00:49:00,view,Camera,69179
1067,U00180,S596171,2024-09-02 00:50:00,add_to_cart,Camera,69179
1068,U00180,S596171,2024-09-02 00:55:00,checkout,Camera,69179
1069,U00180,S596171,2024-09-02 00:59:00,purchase,Camera,69179
1070,U00181,S397979,2024-08-21 04:08:00,view,Headphones,4244
1071,U00181,S397979,2024-08-21 04:09:00,add_to_cart,Headphones,4244
1072,U00181,S589887,2024-09-09 17:28:00,view,Headphones,71185
1073,U00181,S589887,2024-09-09 17:30:00,add_to_cart,Headphones,71185
1074,U00181,S589887,2024-09-09 17:34:00,checkout,Headphones,71185
1075,U00181,S589887,2024-09-09 17:39:00,purchase,Headphones,71185
1076,U00181,S424703,2024-06-16 17:14:00,view,Phone,58415
1077,U00181,S424703,2024-06-16 17:17:00,add_to_cart,Phone,58415
1078,U00181,S424703,2024-06-16 17:20:00,checkout,Phone,58415
1079,U00181,S424703,2024-06-16 17:21:00,purchase,Phone,58415
1080,U00182,S400692,2024-08-18 00:44:00,view,Smart Watch,63030
1081,U00182,S400692,2024-08-18 00:47:00,add_to_cart,Smart Watch,63030
1082,U00182,S400692,2024-08-18 00:51:00,checkout,Smart Watch,63030
1083,U00182,S400692,2024-08-18 00:56:00,purchase,Smart Watch,63030
1084,U00182,S674842,2024-06-07 13:56:00,view,Camera,52240
1085,U00182,S674842,2024-06-07 13:58:00,add_to_cart,Camera,52240
1086,U00183,S375754,2024-02-14 20:15:00,view,Mouse,37813
1087,U00184,S297132,2024-02-06 04:18:00,view,Phone,60182
1088,U00184,S297132,2024-02-06 04:23:00,add_to_cart,Phone,60182
1089,U00184,S297132,2024-02-06 04:28:00,checkout,Phone,60182
1090,U00184,S297132,2024-02-06 04:31:00,purchase,Phone,60182
1091,U00184,S660957,2024-01-06 03:18:00,view,Mouse,16889
1092,U00184,S660957,2024-01-06 03:22:00,add_to_cart,Mouse,16889
1093,U00184,S660957,2024-01-06 03:24:00,checkout,Mouse,16889
1094,U00184,S660957,2024-01-06 03:25:00,purchase,Mouse,16889
1095,U00185,S426711,2024-08-12 14:44:00,view,Laptop,43786
1096,U00185,S253184,2024-01-09 12:04:00,view,Smart Watch,24303
1097,U00186,S956949,2024-07-27 00:07:00,view,Keyboard,50936
1098,U00186,S956949,2024-07-27 00:11:00,add_to_cart,Keyboard,50936
1099,U00186,S956949,2024-07-27 00:12:00,checkout,Keyboard,50936
1100,U00186,S956949,2024-07-27 00:13:00,purchase,Keyboard,50936
1101,U00186,S595793,2024-07-22 09:59:00,view,Monitor,21289
1102,U00186,S595793,2024-07-22 10:00:00,add_to_cart,Monitor,21289
1103,U00186,S595793,2024-07-22 10:05:00,checkout,Monitor,21289
1104,U00186,S595793,2024-07-22 10:08:00,purchase,Monitor,21289
1105,U00187,S477934,2024-01-28 21:13:00,view,Phone,31428
1106,U00187,S477934,2024-01-28 21:17:00,add_to_cart,Phone,31428
1107,U00187,S477934,2024-01-28 21:19:00,checkout,Phone,31428
1108,U00187,S477934,2024-01-28 21:24:00,purchase,Phone,31428
1109,U00188,S144033,2024-10-26 22:30:00,view,Headphones,49179
1110,U00188,S144033,2024-10-26 22:31:00,add_to_cart,Headphones,49179
1111,U00188,S144033,2024-10-26 22:35:00,checkout,Headphones,49179
1112,U00188,S144033,2024-10-26 22:40:00,purchase,Headphones,49179
1113,U00189,S472787,2024-11-05 22:34:00,view,Phone,16992
1114,U00189,S472787,2024-11-05 22:38:00,add_to_cart,Phone,16992
1115,U00189,S472787,2024-11-05 22:43:00,checkout,Phone,16992
1116,U00189,S472787,2024-11-05 22:46:00,purchase,Phone,16992
1117,U00190,S302338,2024-01-23 12:22:00,view,Headphones,33359
1118,U00190,S302338,2024-01-23 12:23:00,add_to_cart,Headphones,33359
1119,U00190,S302338,2024-01-23 12:27:00,checkout,Headphones,33359
1120,U00190,S302338,2024-01-23 12:32:00,purchase,Headphones,33359
1121,U00190,S694229,2024-03-18 11:20:00,view,Smart Watch,36587
1122,U00190,S681456,2024-03-03 16:09:00,view,Smart Watch,39254
1123,U00190,S681456,2024-03-03 16:12:00,add_to_cart,Smart Watch,39254
1124,U00190,S681456,2024-03-03 16:16:00,checkout,Smart Watch,39254
1125,U00190,S681456,2024-03-03 16:21:00,purchase,Smart Watch,39254
1126,U00191,S749838,2024-06-25 19:15:00,view,Monitor,8802
1127,U00192,S649526,2024-11-16 17:09:00,view,Mouse,42783
1128,U00192,S649526,2024-11-16 17:13:00,add_to_cart,Mouse,42783
1129,U00192,S649526,2024-11-16 17:14:00,checkout,Mouse,42783
1130,U00192,S649526,2024-11-16 17:15:00,purchase,Mouse,42783
1131,U00193,S132792,2024-04-04 15:12:00,view,Phone,4670
1132,U00193,S132792,2024-04-04 15:17:00,add_to_cart,Phone,4670
1133,U00193,S132792,2024-04-04 15:21:00,checkout,Phone,4670
1134,U00193,S132792,2024-04-04 15:26:00,purchase,Phone,4670
1135,U00194,S151470,2024-06-08 19:45:00,view,Phone,2215
1136,U00194,S151470,2024-06-08 19:47:00,add_to_cart,Phone,2215
1137,U00194,S151470,2024-06-08 19:48:00,checkout,Phone,2215
1138,U00194,S151470,2024-06-08 19:49:00,purchase,Phone,2215
1139,U00194,S961957,2024-06-26 22:03:00,view,Mouse,69839
1140,U00194,S961957,2024-06-26 22:04:00,add_to_cart,Mouse,69839
1141,U00194,S961957,2024-06-26 22:07:00,checkout,Mouse,69839
1142,U00195,S206142,2024-12-08 17:24:00,view,Keyboard,25812
1143,U00195,S206142,2024-12-08 17:29:00,add_to_cart,Keyboard,25812
1144,U00195,S206142,2024-12-08 17:34:00,checkout,Keyboard,25812
1145,U00195,S206142,2024-12-08 17:36:00,purchase,Keyboard,25812
1146,U00196,S882351,2024-02-25 20:36:00,view,Monitor,60625
1147,U00196,S274912,2024-03-18 12:32:00,view,Monitor,21232
1148,U00197,S469438,2024-06-18 10:54:00,view,Monitor,54546
1149,U00197,S439162,2024-10-08 18:34:00,view,Keyboard,49660
1150,U00198,S477496,2024-08-15 12:00:00,view,Laptop,37787
1151,U00198,S477496,2024-08-15 12:05:00,add_to_cart,Laptop,37787
1152,U00198,S416503,2024-01-10 07:13:00,view,Monitor,3344
1153,U00199,S683347,2024-10-19 04:06:00,view,Laptop,60841
1154,U00199,S683347,2024-10-19 04:09:00,add_to_cart,Laptop,60841
1155,U00199,S683347,2024-10-19 04:12:00,checkout,Laptop,60841
1156,U00199,S683347,2024-10-19 04:17:00,purchase,Laptop,60841
1157,U00199,S950472,2024-05-03 18:25:00,view,Keyboard,10618
1158,U00199,S281301,2024-08-27 22:44:00,view,Phone,78518
1159,U00199,S281301,2024-08-27 22:47:00,add_to_cart,Phone,78518
1160,U00199,S281301,2024-08-27 22:52:00,checkout,Phone,78518
1161,U00200,S464831,2024-07-14 03:55:00,view,Keyboard,79444
1162,U00200,S464831,2024-07-14 03:56:00,add_to_cart,Keyboard,79444
1163,U00200,S464831,2024-07-14 04:00:00,checkout,Keyboard,79444
1164,U00200,S464831,2024-07-14 04:05:00,purchase,Keyboard,79444
1165,U00200,S692354,2024-03-11 16:44:00,view,Keyboard,20579
1166,U00200,S692354,2024-03-11 16:45:00,add_to_cart,Keyboard,20579
